objectid,weatherstationcode,weatherstationname,scadartuid,structureid,nwszone,district,thomasbrospagegrid,constructionstatus,creationuser,datecreated,datemodified,lastuser,structureguid,symbolrotation,latitude,longitude,elevation,twinguid,hftd,zone1idc,hftdidc,gdb_geomattr_data,globalid,shape,shape_srid,snapshot_date
1,CBD,Carlsbad,5158,P124785,Coastal-243,6,1126-G1,A,seu_gis_elec,00:00.0,00:00.0,bsingh,{64494E39-29E5-4911-ACB1-32A8CB6BCF2D},0,33.137352,-117.327141,72,,1,N,N,,{ED5DE7F2-F63A-41EA-BA80-9F71495334A3},POINT (1540299.9388 12029375.0425),4431,10/4/2024
2,CCR,Cuca Ranch,1915,Z118027,Mountain-258,3,1052-A5,A,seu_gis_elec,00:00.0,00:00.0,bsingh,{04BAE46A-10DE-41EE-8AFD-B46BE90E5E6F},0,33.301305,-116.912993,2513,,3,N,Y,,{82759049-437B-4A5C-8796-10C8D7098C5B},POINT (1667010.27856 12088881.1767),4431,10/4/2024
3,CES,Country Estates,1995,Z416611,Inland Valley-250,3,1153-G7,A,seu_gis_elec,00:00.0,00:00.0,bsingh,{CCAEA390-43E0-4319-8654-93AF7847BC1A},0,33.02876,-116.79285,1822,,3,N,Y,,{6A3A6DAD-6CD1-43B7-A0FE-72A52A46A4F7},POINT (1703876.2967 11989778.75946),4431,10/4/2024
208,ROV,Rim of the Valley,4818,Z416170,Inland Valley-250,3,1071-B1,A,gwharris,50:57.0,12:04.0,jmorris1,{FCECC729-B033-4EA9-A99E-E4FE4257C355},0,33.28582,-116.980023,1533,,3,N,Y,,{AD1AEA81-BC74-4954-8D25-421C79F40D88},POINT (1646528.56915 12083236.45575),4431,10/4/2024
5,CHO,Chollas Lake,5182,P970712,Inland Valley-250,1,1270-C7,A,seu_gis_elec,00:00.0,00:00.0,bsingh,{BDDF3627-16A5-4C45-9074-321A1517A6A5},0,32.736035,-117.06659,448,,1,N,N,,{1294A90A-9558-458E-8EA5-9D15B2A16D8D},POINT (1619955.10724 11883209.4286),4431,10/4/2024
6,CIR,Circle R,1992,P516181,Inland Valley-250,3,1069-A1,A,seu_gis_elec,00:00.0,00:00.0,bsingh,{3715A069-13B6-4C4D-9C85-ECEED7E3813B},0,33.285505,-117.1458035,662,,2,N,Y,,{42B1CA0F-98BC-4C44-9370-B8BDDF1774B3},POINT (1595875.3903 12083130.5609),4431,10/4/2024
7,COC,Los Coches,1939,Z478752,Inland Valley-250,4,1232-E4,A,seu_gis_elec,00:00.0,00:00.0,bsingh,{341F5059-CCFB-48D6-BF6E-F7CD4A2D53CD},0,32.85145,-116.89528,761,,1,N,N,,{9A4B1125-567B-44AC-9A6F-196CD9C141A3},POINT (1672595.455 11925219.7337),4431,10/4/2024
8,AMO,Ammo Dump,1922,P28656,Inland Valley-250,6,1027-C6,A,seu_gis_elec,00:00.0,00:00.0,bsingh,{1D125D4D-CEB9-406E-B858-BAB32122E879},0,33.357121,-117.276505,542,,2,N,Y,,{90874863-3E3A-4D88-A597-C531DBEE6E90},POINT (1556019.1347 12109260.1389),4431,10/4/2024
9,ARH,Archie Moore,1954,P36075,Inland Valley-250,3,1151-E6,A,seu_gis_elec,00:00.0,00:00.0,bsingh,{397EC1E9-A6FD-4E39-9277-C5826F6F7EB8},0,33.040094,-116.959291,1509,,3,N,Y,,{49DC14E1-2AE9-4575-93A8-C31AABF2AF48},POINT (1652898.10565 11993905.15735),4431,10/4/2024
10,BVY,Blossom Valley,1950,P276502,Inland Valley-250,4,1233-B2,A,seu_gis_elec,00:00.0,36:21.0,eaguila1,{913699D0-723C-4492-80BA-BF239F5086B4},0,32.86778,-116.843044,1172,,3,N,Y,,{6555BDDD-C099-498E-8A7A-AE0A4AF2F6EF},POINT (1688587.8794 11931217.9425),4431,10/4/2024
11,PAU,Pauma Valley,1994,P319373,Inland Valley-250,3,1029-H3,A,seu_gis_elec,00:00.0,24:00.0,jmorris1,{5AA1B738-DBF2-4F96-A5E7-6C7CF1C1F369},0,33.37111,-117.07894,410,,3,N,Y,,{0F34990D-1746-4F97-85BE-417FF7F8FDCA},POINT (1616336.855 12114272.1784),4431,10/4/2024
12,NDC,North Descanso,5126,P258490,Mountain-258,4,0-0,A,seu_gis_elec,00:00.0,00:00.0,bsingh,{3CB90584-6C42-4598-865C-7F11D075A9A7},0,32.88324,-116.64651,3376,,3,N,Y,,{E7A56968-6B35-4EDE-8332-7188AFF39B2B},POINT (1748894.04785 11936966.5117),4431,10/4/2024
13,SIL,Sill Hill,5164,P258571,Mountain-258,4,1195-G3,A,seu_gis_elec,00:00.0,00:00.0,bsingh,{4504F5FC-FD20-4D65-ABAB-C7AD4CF86B58},0,32.954055,-116.642846,3556,,3,N,Y,,{613E692C-CF98-43EF-BB63-5F83E9E77004},POINT (1749936.5284 11962741.62946),4431,10/4/2024
14,TDS,Tierra Del Sol,1944,P44644,Mountain-258,4,1319-G2,A,seu_gis_elec,00:00.0,43:12.0,rreynold,{779C50F0-EDCE-4D9D-9A75-BEC463BA1DA5},0,32.644549,-116.346915,3526,,2,N,Y,,{F07BEDC7-768C-4A0E-AD10-34B722D0E221},POINT (1841382.5617 11850593.4427),4431,10/4/2024
15,MPE,Camp Elliot,1925,P579910,Coastal-243,2,1229-F5,A,seu_gis_elec,00:00.0,06:59.0,eaguila1,{A64CB473-EE27-447B-9349-374C584B4D27},0,32.852234,-117.119036,444,,2,N,Y,,{70A3F989-0BFB-44CC-84A3-60F8071991B1},POINT (1603886.59937 11925539.65924),4431,10/4/2024
189,CVY,Cool Valley,4817,P109961,Inland Valley-250,3,1070-J3,A,calonzo,41:58.0,35:07.0,agregg,{2F40EB07-0F6B-473D-8B74-F5D1737B3721},0,33.265317,-116.993528,1800,,2,N,Y,,{82E384DA-1303-4830-A5F6-D4388494BAC0},POINT (1642386.32416 12075755.4743),4431,10/4/2024
17,ORT,Ortega,1977,P108145,Coastal-554,7,924-B5,A,seu_gis_elec,00:00.0,44:22.0,rreynold,{DE0F3D45-4309-4498-8761-4AA5C0F2B2CE},0,33.569545,-117.513829,1097,,2,N,Y,,{8C8C4B3C-34F5-49F2-A632-AEB280EA7E33},POINT (1483963.23486 12186817.3043),4431,10/4/2024
18,VIC,VICTORIA,5199,P278152,INLAND VALLEY-250,4,1234-C4,A,rfeura,09:28.0,10:53.0,rfeura,{92D4CFD7-5B03-4925-846F-496CBA887098},0,32.845643,-116.752482,2321,,2,N,Y,,{F98C46AC-49D5-4711-B216-F4BD636BDE4B},POINT (1716407.5908 11923212.993),4431,10/4/2024
19,PTZ,Peutz Valley,5174,P102961,Inland Valley-250,4,1234-A3,A,seu_gis_elec,00:00.0,17:38.0,rreynold,{41F9E209-9719-4E85-8A04-D5F32033B577},0,32.859398,-116.767955,1602,,3,N,Y,,{59288B06-4EC4-4562-AE80-735A3BE6B7B1},POINT (1711638.1214 11928198.2622),4431,10/4/2024
20,OMB,Otay Mesa Border,5161,P284049,Coastal-243,1,1352-E3,A,seu_gis_elec,00:00.0,00:00.0,bsingh,{FF3AC2E2-479B-401A-A21B-01D2838931CE},0,32.558135,-116.900453,566,,2,N,Y,,{8F8A8E2A-D8FE-4574-8FEA-E1B801CC2772},POINT (1671084.5194 11818571.3591),4431,10/4/2024
21,PAM,Palomar,1930,P228359,Mountain-258,3,1032-F5,A,seu_gis_elec,00:00.0,00:00.0,bsingh,{397A5F42-96F5-4690-8CD0-F9717454F992},0,33.35214,-116.86286,5479,,3,N,Y,,{F3D142C3-83DA-41FE-B26D-C0F987D6CCA3},POINT (1682205.5654 12107357.8848),4431,10/4/2024
241,PIH,Pine Hills,1932,P817572,Mountain-258,3,1155-G4,A,eboyle,21:55.0,29:15.0,bapicket,{91084CFD-A955-46D4-B74F-1FD570488A55},0,33.04943,-116.63697,4052,,3,Y,Y,,{6631F10D-3983-428D-A7CD-A8290882A124},POINT (1751393.514 11997439.54266),4431,10/4/2024
23,POV,Pamo Valley,5167,P215599,Inland Valley-250,3,1112,A,seu_gis_elec,00:00.0,00:00.0,bsingh,{26FF848B-129D-4B6F-A5A8-C62CF54E6945},0,33.143417,-116.848054,1010,,3,N,Y,,{82417E34-4535-4D3D-9034-6F93EB5592B2},POINT (1686924.71313 12031457.8457),4431,10/4/2024
24,PSQC1,San Pasqual RAWS,19170,,Inland Valley-250,3,1130-H7,A,seu_gis_elec,00:00.0,00:00.0,bsingh,,0,33.091513,-117.01221,363,,2,N,Y,,{2AEDCEB8-308D-4209-BCEF-C8EF2CE1D022},POINT (1636678.4517 12012548.8901),4431,10/4/2024
25,PTM,Pala Temecula,1978,P818835,Inland Valley-250,3,999-H4,A,seu_gis_elec,00:00.0,00:00.0,bsingh,{E333FC68-14AB-4E62-9B3D-F59DD0C6BCDD},0,33.41921,-117.08186,1288,,3,N,Y,,{BCC8F183-5D08-4996-8C41-53798B039AF4},POINT (1615450.35376 12131728.24786),4431,10/4/2024
26,PVD,Palo Verde,1960,P134662,Inland Valley-250,4,1254-F2,A,seu_gis_elec,00:00.0,00:00.0,bsingh,{16A3BE36-695B-43A3-8AF9-A97319935016},0,32.813097,-116.734094,1833,,2,N,Y,,{CEE020BE-A63C-4CEF-8739-DC6F76F8E194},POINT (1722096.1851 11911370.6055),4431,10/4/2024
27,PZAC1,Pala RAWS,19160,,Inland Valley-250,3,1029-E5,A,seu_gis_elec,00:00.0,00:00.0,bsingh,,0,33.361236,-117.106105,546,,3,N,Y,,{DD97A667-79C0-48B0-BF0B-49E123AA3A0F},POINT (1608030.63306 12110670.62823),4431,10/4/2024
28,DMH,Del Mar Heights,5146,Z33197,Coastal-243,6,1188-B4,A,seu_gis_elec,00:00.0,00:00.0,bsingh,{663AF797-1101-4736-80A8-DB6C1664BE21},0,32.963981,-117.22296,298,,1,N,N,,{EFBC7245-3470-4EAE-AA51-79443EEA2DE5},POINT (1572047.2966 11966197.22064),4431,10/4/2024
29,DYE,Dye Mountain,5163,Z416663,Inland Valley-250,3,1154-G1,A,seu_gis_elec,00:00.0,00:00.0,bsingh,{80E00B23-DF28-4549-AEA6-B8BE24A64820},0,33.068817,-116.709897,2998,,3,N,Y,,{84E04612-A6E6-4F34-B31E-3A752D68075E},POINT (1729251.57825 12004425.594),4431,10/4/2024
30,BRM,Barona Mesa,5149,P137679J,Inland Valley-250,4,1173-J7,A,seu_gis_elec,00:00.0,00:00.0,bsingh,{24D3111B-8C77-4090-A72F-F7ACA5293A03},0,32.9777,-116.7803,1925,,3,N,Y,,{72E579F2-248E-4E19-BCEE-65E761AAC880},POINT (1707794.4473 11971251.7489),4431,10/4/2024
31,ECJ,El Cajon,5185,Z672133,Inland Valley-250,4,1251-E5,A,seu_gis_elec,00:00.0,00:00.0,bsingh,{45091BA2-813C-4626-86EA-B2BFE6755430},0,32.79547,-116.972735,436,,1,N,N,,{E9883E9C-DAB7-45F3-A71C-31CDCF45C034},POINT (1648781.4013 11904892.1956),4431,10/4/2024
32,ELM,El Monte,1941,P972583,Inland Valley-250,4,1232-E2,A,seu_gis_elec,00:00.0,00:00.0,bsingh,{B99134DD-86C3-4337-AFF3-1CBC91B68152},0,32.86706,-116.895982,436,,2,N,Y,,{84399275-4A23-484A-8BAA-67EA22EFBB59},POINT (1672357.07886 11930915.638),4431,10/4/2024
33,EWN,East Warners,5117,Z118281,Mountain-258,3,1075,A,seu_gis_elec,00:00.0,00:00.0,bsingh,{9C7BC0F9-6E4E-4C67-89EA-B2D938F99306},0,33.2265,-116.6207,3226,,2,N,Y,,{324CFB1E-4AE2-427C-ACCD-7FEAD7A0B73C},POINT (1756379.63293 12061824.70557),4431,10/4/2024
34,FTV,Fruitvale,1901,P813785,Inland Valley-250,3,1071-B5,A,seu_gis_elec,00:00.0,00:00.0,bsingh,{5298C0BD-CF48-4B24-8341-D9BB657C2FD3},0,33.25614,-116.98201,1837,,2,N,Y,,{997A7798-E5A8-4D3A-898E-E38D8BD4FAF8},POINT (1645935.3998 12072386.7806),4431,10/4/2024
35,HDM,Hodges Dam,5120,Z18113,Inland Valley-250,3,1149-C7,A,seu_gis_elec,00:00.0,00:00.0,bsingh,{0584ED84-2772-4C84-8D12-2E9E4387554F},0,33.042926,-117.134849,364,,2,N,Y,,{460EC79C-7497-4D5F-92DA-6E92D32EC197},POINT (1599115.0738 11994897.70294),4431,10/4/2024
36,BLU,BLUE SKY,4801,Z413563,Inland Valley-250,3,1170-J3,A,mmenende,21:01.0,48:13.0,CGwatney,{6694D4F1-C753-4756-8A99-8CBF27B6F4A1},0,33.015079,-117.005047,798,,2,N,Y,,{0B76CE65-C41B-4A9E-ACCB-2967C5FC690F},POINT (1638905.13824 11984734.5891),4431,10/4/2024
37,HID,Hideaway Lake,1984,P616205,Inland Valley-250,3,1070-C7,A,seu_gis_elec,00:00.0,00:00.0,bsingh,{445D4746-A69D-4565-A7E6-1392EE0BC2E2},0,33.240013,-117.046098,1437,,3,N,Y,,{7F8AF58F-6D44-4B20-B0B5-EF810969FDB1},POINT (1626340.1384 12066556.329),4431,10/4/2024
38,RBV,Rainbow Valley,1982,P814567,Inland Valley-250,3,998-F6,A,seu_gis_elec,00:00.0,00:00.0,bsingh,{22698142-01AD-4475-A08D-FE4F3BBD259A},0,33.401221,-117.170167,1087,,3,N,Y,,{8AE67389-657D-4382-9A77-8A8457249FD1},POINT (1588493.53925 12125244.7631),4431,10/4/2024
116,POM,Poomacha,5176,Z118067,Mountain-258,3,1072-E2,A,seu_gis_elec,00:00.0,16:25.0,eaguila1,{05950869-0FB2-4C5F-BBF6-85740C86FFB7},0,33.27605,-116.872899,2457,,3,N,Y,,{8D7B0225-1577-47C5-A891-09373935DA7C},POINT (1679111.0322 12079743.9634),4431,10/4/2024
40,RHS,Rancho Heights,5177,P186304,Inland Valley-250,3,1000,A,seu_gis_elec,00:00.0,00:00.0,bsingh,{03FEFDE9-CDE6-4A0C-9799-8E2E71E20353},0,33.411213,-117.057156,2196,,3,N,Y,,{9371FFED-465C-48E8-AB57-45D497F10F7C},POINT (1622982.509 12128845.47375),4431,10/4/2024
41,RIO,Rios Canyon,1942,Z75086,Inland Valley-250,4,1232-F5,A,seu_gis_elec,00:00.0,00:00.0,bsingh,{108A07EA-0129-4B60-9483-31A689C5B4E7},0,32.84329,-116.88113,669,,2,N,Y,,{D3A4431E-40DE-4244-B483-2CCC41DA26B5},POINT (1676889.66296 11922274.7612),4431,10/4/2024
42,SVL,Sky Valley,5132,Z571442,Inland Valley-250,4,1275-A7,A,seu_gis_elec,00:00.0,00:00.0,bsingh,{680A4B9F-E5F0-46A8-9C38-0C05616F99E9},0,32.72076,-116.70242,2224,,3,N,Y,,{78F4A0E3-B539-43EF-BA4E-C1444837E9AA},POINT (1731933.96106 11877826.13885),4431,10/4/2024
43,TCN,Tecolote Canyon,5191,Z479015,Coastal-243,2,1248-G7,A,seu_gis_elec,00:00.0,00:00.0,bsingh,{4650A2F2-C956-4F0A-BB4B-BEFF34A52091},0,32.791156,-117.184099,273,,1,N,N,,{D806FC29-3400-4B0A-8740-5855B22AF24F},POINT (1583850.7585 11903349.55597),4431,10/4/2024
44,NRW,Narrows Sub,5140,P250013,Desert-262,3,1120-A4,A,seu_gis_elec,00:00.0,00:00.0,bsingh,{520896CB-47A1-4644-A3D8-7FD011AB15D0},0,33.137111,-116.294275,990,,1,N,N,,{477F95F9-5AA7-48F9-9591-8DE7C176003B},POINT (1856382.59534 12029859.9939),4431,10/4/2024
45,HAR,Harbison Canyon,1949,P176417,Inland Valley-250,4,1253-D1,A,seu_gis_elec,00:00.0,57:48.0,rreynold,{2BCF96C0-7336-4086-BD9B-E62802C8BA6D},0,32.82225,-116.82884,971,,3,N,Y,,{B69E60F0-2EEF-4AE2-ABF3-D68A6C842DD1},POINT (1692973.1387 11914663.92377),4431,10/4/2024
46,HVL,HIGH VALLEY,4806,P816020,INLAND VALLEY-250,3,1171-B6,A,vbiggs,39:01.0,47:40.0,gwalker,{64B85435-599E-4F99-9910-CFD5C0D2C8B1},0,32.9966,-116.9922,1438,,2,N,Y,,{2DF17AFB-46EB-4802-A9D8-53297914F428},POINT (1642802.87585 11978016.1918),4431,10/4/2024
47,CRV,Carveacre,1961,P970798,Inland Valley-250,4,1254-G6,A,seu_gis_elec,00:00.0,03:13.0,eaguila1,{6D969FE3-78D0-4DA5-A13E-1EA6A1D4E2AD},0,32.78356,-116.722997,1808,,3,N,Y,,{24C87AF5-9DE0-4EF1-8E9E-DFE1341E310C},POINT (1725526.8249 11900680.36285),4431,10/4/2024
48,STV,Santa Teresa Valley,5179,P17673,Inland Valley-250,3,1154-A2,A,seu_gis_elec,00:00.0,17:56.0,hgamboa2,{A9239FB9-D3CD-4F1A-917B-13D473D2216C},0,33.068772,-116.761751,2604,,3,N,Y,,{6AEDB8FF-BB27-4F46-B6F6-FA8F3D18587B},POINT (1713378.2609 12004360.2542),4431,10/4/2024
49,CTM,Corte Madera,5114,P176979,Mountain-258,4,1256,A,seu_gis_elec,00:00.0,00:00.0,bsingh,{ACEA963C-B047-4DFB-9C36-51805C0945B6},0,32.78285,-116.54967,4003,,3,N,Y,,{2BD8F78B-50E1-47BF-9506-257D2A627E2F},POINT (1778756.8165 11900592.6904),4431,10/4/2024
50,VCM,Volcan Mountain,5154,P412621,Mountain-258,3,1136-D3,A,seu_gis_elec,00:00.0,00:00.0,bsingh,{AB013CD1-D284-4A31-92CC-BC37FDFF8A72},0,33.10301,-116.579742,5313,,3,N,Y,,{93471499-38EA-442A-A99F-00DA0CEF712D},POINT (1769061.01013 12016984.74506),4431,10/4/2024
51,VIS,Vista,5192,P207466,Coastal-243,6,1087-G6,A,seu_gis_elec,00:00.0,00:00.0,bsingh,{D2AA5F3A-46EA-473D-9DDC-66A716AF0D13},0,33.205472,-117.253897,337,,1,N,N,,{12016B8F-AFA0-4C83-8375-40C495ED270A},POINT (1562783.8574 12054095.2906),4431,10/4/2024
153,IMT,IRON MOUNTAIN TRAIL,5104,P119426,INLAND VALLEY-250,3,1191-D1,A,calonzo,02:11.0,42:14.0,apanduro,{39C0459E-B349-46F8-AD52-E49B61B1C7EE},0,32.976252,-116.972965,1608,,3,N,Y,,{B1461A27-13A2-4142-8D2C-E07D54E0F4C3},POINT (1648634.44324 11970584.07605),4431,10/4/2024
53,WAL,West Alpine,1906,Z875056,Inland Valley-250,4,1233-G7,A,seu_gis_elec,00:00.0,00:00.0,bsingh,{BE695462-04AE-4911-9040-A059C8E4E684},0,32.830103,-116.799526,1565,,2,N,Y,,{17E87526-FFBC-4034-A23D-5D4DB9EF7DB8},POINT (1701985.7929 11917528.9049),4431,10/4/2024
65,MOR,Morena,1948,P130698,Mountain-258,4,1297-E4,A,seu_gis_elec,00:00.0,55:01.0,KBarthol,{F84FE122-4DDC-47FA-9A4B-2B24FFBF2DC3},0,32.688289,-116.512451,3081,,3,N,Y,,{242B7FA4-BE68-4E0C-988F-244B989E793E},POINT (1790359.39435 11866252.5127),4431,10/4/2024
55,BFD,Border Field,5160,P87846,Coastal-243,1,1350-A6,A,seu_gis_elec,00:00.0,00:00.0,bsingh,{11EEDC52-A2E5-4B35-86C6-04789FABB07C},0,32.54197,-117.096732,328,,1,N,N,,{D9A9E627-4F25-4630-A07C-C770BD75BED3},POINT (1610636.10486 11812685.0428),4431,10/4/2024
56,DEH,Dehesa,1976,Z272811,Inland Valley-250,4,1253-C6,A,seu_gis_elec,00:00.0,00:00.0,bsingh,{F74ED264-1D82-4B5A-A441-501CFFC2A25E},0,32.786856,-116.836156,763,,3,N,Y,,{9E36E033-CECF-4418-A594-42222C7BE5F5},POINT (1690762.2753 11901759.3931),4431,10/4/2024
57,MVN,Mission Valley North,5145,Z205026,Coastal-243,2,1269-D1,A,seu_gis_elec,00:00.0,00:00.0,bsingh,{FBA18FFB-1CD8-4A98-8696-DDC52C4486A2},0,32.781375,-117.137571,264,,1,N,N,,{2E0A1F97-455E-400A-8080-E90A3139B28B},POINT (1598134.62854 11899795.4529),4431,10/4/2024
58,NAT,National City,5187,P839742,Coastal-243,1,1309-J4,A,seu_gis_elec,00:00.0,00:00.0,bsingh,{937B8F28-CED0-4DCA-8AFE-54D2AAF620BF},0,32.654335,-117.096691,12,,1,N,N,,{308BF9E6-6F92-4A01-B5FC-320778AA625D},POINT (1610681.5323 11853554.524),4431,10/4/2024
59,BRG,Borrego,5139,Z118772,Desert-262,3,1079-C1,A,seu_gis_elec,00:00.0,00:00.0,bsingh,{7217DE65-B927-4EC9-A164-E8103D8508FA},0,33.262469,-116.348273,554,,1,N,N,,{7126FBE8-8FE0-456E-81AF-DD3156B5BF18},POINT (1839606.6709 12075353.86847),4431,10/4/2024
60,LLC,Lilac,1958,P515285,Inland Valley-250,3,1070-A2,A,seu_gis_elec,00:00.0,00:00.0,bsingh,{EA15C4ED-1188-44B9-8CE2-9C901E5CD7B8},0,33.277111,-117.069299,1034,,2,N,Y,,{A27654D5-C815-4826-AA5C-A4E0C42CB522},POINT (1619248.4528 12080071.945),4431,10/4/2024
61,MGY,Mataguay,1988,Z214507,Mountain-258,3,1094,A,seu_gis_elec,00:00.0,00:00.0,bsingh,{6429C1E3-2D67-407B-98BF-F61E7F898040},0,33.223306,-116.699606,2800,,2,N,Y,,{44E40525-D0E1-4116-9CDA-9CC3EB5C1BBE},POINT (1732259.1448 12060611.80054),4431,10/4/2024
62,WSY,West Santa Ysabel,5136,Z416679,Mountain-258,3,1134,A,seu_gis_elec,00:00.0,00:00.0,bsingh,{77E5E980-17AF-4869-916E-308E40B84C4C},0,33.08678,-116.68974,3287,,3,Y,Y,,{8C492182-D488-42DF-AF4B-205E1670425D},POINT (1735417.1808 12010968.2177),4431,10/4/2024
63,WYN,Wynola,1997,P211366,Mountain-258,3,1136-B3,A,seu_gis_elec,00:00.0,00:00.0,bsingh,{05133C0E-D444-4302-A2E1-D1F700795979},0,33.104617,-116.602467,4133,,3,N,Y,,{06D0644E-AEC3-4CA2-810F-DEAD5D2B1118},POINT (1762159.8888 12017568.1235),4431,10/4/2024
64,YSA,Santa Ysabel North,1908,Z214383,Mountain-258,3,1135-B2,A,seu_gis_elec,00:00.0,00:00.0,bsingh,{4EC71B02-CCF0-45EF-B126-E80A01437B6C},0,33.11315,-116.67168,3023,,3,N,Y,,{7CE455DC-194A-4A02-BFCE-58D5218C9FE0},POINT (1740909.08905 12020580.7369),4431,10/4/2024
154,CRI,Cristianitos,1989,P224446,Coastal-554,7,973-G5,A,seu_gis_elec,00:00.0,38:42.0,agregg,{2D773648-614F-4BF5-8E0A-38824531072F},0,33.47412,-117.55057,356,,2,N,Y,,{AB724DB1-A753-4DD0-AFE0-950AD69D72C6},POINT (1472561.379 12152188.4084),4431,10/4/2024
66,MSD,Mt. Soledad,5141,P224797,Coastal-243,2,1248-A4,A,seu_gis_elec,00:00.0,00:00.0,bsingh,{98DCA422-F01E-4EDB-846D-61E886F30124},0,32.814168,-117.240864,341,,1,N,N,,{E5778122-BF8A-4478-9567-0D8E87516F0C},POINT (1566465.71423 11911774.31866),4431,10/4/2024
67,HVW,Highland Valley West,5148,P812553,Inland Valley-250,3,1151-B3,A,seu_gis_elec,00:00.0,00:00.0,bsingh,{50CBBE5B-2F0B-436A-A22C-E47C512E2359},0,33.06714,-116.99011,1139,,3,N,Y,,{7C6C1F35-9B0F-45B1-9204-F70FE7AE8E1D},POINT (1643429.0672 12003694.6532),4431,10/4/2024
68,TLG,Talega,1936,Z322676,Inland Valley-250,7,974,A,seu_gis_elec,00:00.0,00:00.0,bsingh,{2261C25D-619E-447B-9FB2-C502EBDA3F08},0,33.4784,-117.4851,1207,,2,N,Y,,{44412F4F-F3D5-4FDA-BEA1-C9C010564531},POINT (1492548.0159 12153639.8031),4431,10/4/2024
69,SCR,San Clemente Ridge,5157,P327573,Coastal-554,7,993-C3,A,seu_gis_elec,00:00.0,00:00.0,bsingh,{466C0D85-8AFA-4523-8103-75851731B739},0,33.435665,-117.589847,770,,2,N,Y,,{66C74038-5BCF-4027-8AEC-EC8B0DF2A483},POINT (1460521.2102 12138247.71875),4431,10/4/2024
70,BLC,Black Canyon,1905,P212993,Inland Valley-250,3,1133,A,seu_gis_elec,00:00.0,00:00.0,bsingh,{E6A8E4E9-A1E2-4BFA-9B3E-D83A18943F88},0,33.09856,-116.82758,1891,,3,N,Y,,{E6736DC2-F61E-4B06-BE56-2E97D32767C3},POINT (1693192.38135 12015193.602),4431,10/4/2024
71,BMS,Buckman Springs,1911,Z40527,Mountain-258,4,1277,A,seu_gis_elec,00:00.0,00:00.0,bsingh,{9C5F0ED5-62CA-444D-AB3F-0499D62BDD57},0,32.761981,-116.488716,3261,,3,N,Y,,{6B90B898-DD14-46F9-A4ED-F7E06F558AC4},POINT (1797548.50006 11893036.2482),4431,10/4/2024
72,BNA,Barona,1952,P972630,Inland Valley-250,4,1192-F7,A,seu_gis_elec,00:00.0,00:00.0,bsingh,{52E7C2AA-FA92-48D7-A6F2-31DC257B7EAD},0,32.93508,-116.87671,1334,,3,N,Y,,{2513568E-0734-4140-A6B9-E764841F17D8},POINT (1678245.6212 11955708.0697),4431,10/4/2024
73,RNB,Rainbow,1980,P110660,Inland Valley-250,3,998-J4,A,seu_gis_elec,00:00.0,00:00.0,bsingh,{3E9C12C1-8712-4B70-B622-9A2920C321D9},0,33.418922,-117.14413,1056,,3,N,Y,,{8FD2CC70-2CB8-4DF2-9CBD-B3215C0EEB65},POINT (1596477.81366 12131674.7578),4431,10/4/2024
74,RPQ,Rancho Penasquitos,5189,Z312782,Inland Valley-250,3,1189-E2,A,seu_gis_elec,00:00.0,00:00.0,bsingh,{5691D743-FDA8-4EC3-B55F-7B3CD81EF42E},0,32.971628,-117.117307,830,,2,N,Y,,{D8981BD6-3D36-4E89-8807-7FCCC9E88F2E},POINT (1604444.95355 11968957.28204),4431,10/4/2024
166,HRP,Harrison Park,5119,P136326,Mountain-258,3,1156-G5,A,seu_gis_elec,00:00.0,33:35.0,gwalker,{E8F034CD-2A8B-4234-84B4-03420668FEA5},0,33.03958,-116.56066,4860,,3,N,Y,,{FAC0A32E-4E7E-4644-AAE9-25E5F349EE80},POINT (1775026.8473 11993944.77966),4431,10/4/2024
76,SMC,San Marcos,5190,P168481,Coastal-243,3,1128-E2,A,seu_gis_elec,00:00.0,00:00.0,bsingh,{E3416A67-FBE2-4E15-A387-B8932C4B9CC2},0,33.129027,-117.19226,531,,1,N,N,,{338C47BB-46A0-42A5-90BC-6090D5D430D8},POINT (1581589.4569 12026254.4696),4431,10/4/2024
77,SPP,Spangler Peak,1951,P169837,Inland Valley-250,3,1173-G5,A,seu_gis_elec,00:00.0,00:00.0,bsingh,{9EA6F019-F7D3-4478-B9AC-200F313CC223},0,32.997288,-116.789337,1729,,3,N,Y,,{0C3443A3-53AE-41D5-8B0D-E92FB8CAA078},POINT (1704997.0175 11978351.71405),4431,10/4/2024
78,SPV,San Pasqual Valley,5151,P614911,Inland Valley-250,3,1131-F6,A,seu_gis_elec,00:00.0,00:00.0,bsingh,{90C5AEEC-3CAB-4A59-AA39-201F94EAB3A8},0,33.093,-116.9548,421,,3,N,Y,,{D88BA170-DAA6-4D69-BB77-E22793A5D33B},POINT (1654237.50684 12013091.6354),4431,10/4/2024
79,SSO,Sunset Oaks,1903,P161775,Inland Valley-250,3,1153-D1,A,seu_gis_elec,00:00.0,00:00.0,bsingh,{3F263B17-4AAE-40A1-83C8-E798384D8B58},0,33.07452,-116.8137,2331,,3,N,Y,,{85492C07-A335-4277-B4FC-C7A9B846E875},POINT (1697437.6216 12006428.5221),4431,10/4/2024
80,WCK,Witch Creek,1964,P246347,Inland Valley-250,3,1154-D1,A,seu_gis_elec,00:00.0,00:00.0,smak,{F73E7746-E8B0-4CDE-AC45-50F38A4E4E0A},0,33.072694,-116.737881,2526,,3,N,Y,,{399838BE-71A8-4C37-BA4D-7518D266EB8E},POINT (1720686.45105 12005793.3396),4431,10/4/2024
81,IKP,In Ko Pah,1946,P42314,Desert-262,4,1322,A,seu_gis_elec,00:00.0,00:00.0,bsingh,{EC233A19-9535-4FF9-9970-F23C08FD2D67},0,32.63604,-116.11823,3199,,2,N,Y,,{9EF02CE1-4117-40B6-A00F-DC4907808B68},POINT (1911753.0243 11847980.3212),4431,10/4/2024
82,HOS,Hoskings Ranch,5166,P100895,Mountain-258,3,1135-D6,A,seu_gis_elec,00:00.0,00:00.0,smak,{B5F17244-E518-46A8-A9E6-DAB177F3E084},0,33.082646,-116.65725,3738,,3,Y,Y,,{DEEF3B1D-C26B-4AEE-9146-944E772F728E},POINT (1745375.2855 12009503.8276),4431,10/4/2024
83,MIG,San Miguel,1935,P85484J,Inland Valley-250,1,1291-D6,A,jweintra,00:00.0,,,{9AD13737-ABAD-4705-BB8A-EC08548E7C83},0,32.684751,-116.980896,504,,2,N,Y,,{2365095C-C88B-4EB0-8078-1059E90E2136},POINT (1646298.692 11864620.11017),4431,10/4/2024
84,TNSC1,Mountain Springs Grade RAWS,19180,,Desert-232,,,A,seu_gis_elec,00:00.0,00:00.0,bsingh,,0,32.675,-116.0945,2116,,1,N,N,,{F0BA7ADC-FF42-4D26-BADC-14F75C8AEF00},POINT (1918953.83795 11862248.423),4431,10/4/2024
85,IMP,Imperial Valley,1945,Z50215,Desert-232,,,A,seu_gis_elec,00:00.0,00:00.0,bsingh,{2460BB9A-7FD7-4BF7-9865-F950F32A6D06},0,32.74504,-116.0378,647,,1,N,N,,{5AD36FFC-0F01-47D2-836C-C29068999DF6},POINT (1936221.5052 11887860.2523),4431,10/4/2024
86,RBH,RAINBOW HEIGHTS,1981,P205462,INLAND VALLEY-250,3,999-C6,A,crfranco,00:00.0,00:00.0,crfranco,{4C777829-B705-4C9A-AE34-C1AAB5E8D556},0,33.405571,-117.123725,1757,,3,N,Y,,{37588794-7E47-43CA-A303-2918ADF44006},POINT (1602695.0289 12126817.04443),4431,10/4/2024
87,POW,POWAY,5188,Z101715,INLAND VALLEY-250,3,1190-E1,A,seu_gis_elec,00:00.0,00:00.0,jgonzal7,{1D6E0505-7F12-4536-B592-5792C0A1EF28},0,32.982024,-117.039851,771,,1,N,N,,{F17BE9D4-8F6B-4F81-A0F2-BCC72A27694B},POINT (1628219.3545 11972744.21643),4431,10/4/2024
88,VHP,Valley Center High Point,4814,P618920,Inland Valley-250,3,1070-H6,A,CLCosby,39:49.0,27:55.0,jgonzal7,{FA5E82C5-3547-4ACD-A0D5-26835D102C73},0,33.248419,-117.010624,1612,,2,N,Y,,{E33BA80D-FB91-44ED-8F38-46F823B2B658},POINT (1637176.9481 12069594.35706),4431,10/4/2024
89,ANE,Alpine,1921,P191778,Inland Valley-250,4,1234-A7,A,seu_gis_elec,00:00.0,00:00.0,RPresley,{4F0AB951-19C5-4FE7-89CF-75870AE1531C},0,32.827078,-116.773356,1814,,2,N,Y,,{53D5C3DA-4940-462A-AC06-26A36FC68783},POINT (1710032.1223 11916452.7548),4431,10/4/2024
90,SQT,Sequan Truck Trail,5180,Z272845,Inland Valley-250,4,1253-J4,A,seu_gis_elec,00:00.0,00:00.0,bsingh,{645D93A8-4C82-4E2E-B6F7-14A290102C8A},0,32.797668,-116.779248,1807,,3,N,Y,,{86F6E727-1E43-4657-88DD-D2353FD3FBF1},POINT (1708247.9769 11905729.48267),4431,10/4/2024
91,LFR,Lucky Five Ranch,5123,P275369,Mountain-258,4,1197-B5,A,seu_gis_elec,00:00.0,00:00.0,glopez4,{C900FAA3-3D52-413E-809D-A8669AA2CC2A},0,32.93306,-116.52806,4738,,3,N,Y,,{7184ABC6-E74E-4A9A-80CF-030880FB52E3},POINT (1785177.8109 11955211.465),4431,10/4/2024
92,AVY,Anderson Valley,5171,P871938,Inland Valley-250,4,1234-D2,A,seu_gis_elec,00:00.0,00:00.0,crlynch,{77E8CFD1-804D-458D-AE6B-38FB09BBD1E8},0,32.864675,-116.74797,2667,,3,N,Y,,{CA560362-E0CE-495F-95A7-FE78A1AC3EBC},POINT (1717786.26886 11930149.546),4431,10/4/2024
93,VJS,Viejas,1959,P78882,Inland Valley-250,4,1234-J4,A,seu_gis_elec,00:00.0,00:00.0,crlynch,{54B1DADF-1793-4F64-8F5F-16808B45D54E},0,32.845592,-116.706262,2351,,3,N,Y,,{2E727AEB-289E-4860-BC9D-FBBE613ED5D1},POINT (1730612.0358 11923230.0825),4431,10/4/2024
94,LKW,Lake Wohlford,1963,P511301,Inland Valley-250,3,1111-A1,A,seu_gis_elec,00:00.0,00:00.0,bsingh,{BABC0B1A-7638-49E6-8B75-578860F32123},0,33.17816,-116.99561,1670,,3,N,Y,,{E765DB08-98BF-45FB-9E3F-080CCE6C3108},POINT (1641763.2116 12044073.15247),4431,10/4/2024
95,WAR,Warners,1986,Z118220,Mountain-258,3,1074,A,seu_gis_elec,00:00.0,00:00.0,jgonzal7,{8D19587D-3D85-4F37-AB77-CF358E3C631E},0,33.24792,-116.69729,2844,,2,N,Y,,{942261D6-CDE5-4282-9259-8A00E662AE3A},POINT (1732964.23785 12069568.3344),4431,10/4/2024
96,DLZ,DeLuz,1979,P216024,Inland Valley-250,3,976-J6,A,seu_gis_elec,00:00.0,00:00.0,crfranco,{E8A09EE2-1C94-4CD2-B8A6-1E5E2815F2E5},0,33.45839,-117.29735,611,,2,N,Y,,{5D268EF6-8B9A-4D86-A3C4-F161BE1CF5B4},POINT (1549772.1521 12146112.7903),4431,10/4/2024
97,DES,Descanso Sub,4847,Z371494,Mountain-258,4,1235-H1,A,CLCosby,38:47.0,13:58.0,jgonzal7,{8585AC7B-CD5D-4E28-8288-7E44850B8CE8},0,32.864933,-116.63367,3655,,3,Y,Y,,{ECDB6440-C879-4919-877B-E5E74D1098ED},POINT (1752875.9559 11930347.76935),4431,10/4/2024
98,BAJC1,Barrett RAWS,19090,Z105010,Inland Valley-250,4,1315-A1,A,seu_gis_elec,00:00.0,51:50.0,AJRobert,{15FF84E9-18AE-4A00-ABFA-9175ED30708E},0,32.6675,-116.6994,2488,,3,N,Y,,{D6368869-868B-44DD-BEB7-76715F034612},POINT (1732857.3047 11858482.70184),4431,10/4/2024
99,NMR,North Miller Rd,4815,P610158,Inland Valley-250,3,1070-E5,A,CLCosby,52:01.0,23:19.0,jgonzal7,{793A855F-9316-4D86-8F2F-1535ED278DB6},0,33.255853,-117.033763,1553,,2,N,Y,,{F0E5CFC0-6264-4407-968B-F34A6F66F581},POINT (1630089.4869 12072325.62225),4431,10/4/2024
100,DLR,DE LUZ RD,4834,P321093,INLAND VALLEY-250,3,997-B5,A,jmiles1,47:02.0,11:06.0,jgonzal7,{BD24A23C-D834-4236-9185-3DFD02ADBFB3},0,33.413515,-117.283699,822,,2,N,Y,,{C52CCFF7-8E9A-4997-A68E-E889F25D3A4D},POINT (1553885.2886 12129780.49976),4431,10/4/2024
101,RIN,Rincon,1985,P214207,Inland Valley-250,3,1051-E7,A,seu_gis_elec,00:00.0,24:08.0,eaguila1,{3AAA6B77-490E-4D29-86D6-B9C078008BFB},0,33.28779,-116.95642,1063,,3,N,Y,,{1EC2E1BF-5B21-4ACD-AFAC-70F2E3094B87},POINT (1653736.08624 12083945.0878),4431,10/4/2024
102,JVR,Japatul Valley Rd,5152,Z272925,Mountain-258,4,1255-E7,A,seu_gis_elec,00:00.0,32:44.0,lpthomas,{6C78EEE7-C2BD-44EA-9F35-54377C370852},0,32.7757,-116.6679,2834,,3,N,Y,,{9013338F-07B9-4678-B7C9-E9A41FBAE69A},POINT (1742473.6079 11897797.8827),4431,10/4/2024
103,RPO,Round Potrero,1971,Z972808,Inland Valley-250,4,1315-J3,A,seu_gis_elec,00:00.0,49:37.0,JATiongc,{B3331A02-A991-4A97-8CCF-D31F82FACD24},0,32.647912,-116.631445,2606,,3,N,Y,,{075CF05C-678D-4B9C-AC0A-27604A8E5ED3},POINT (1753827.519 11851435.5407),4431,10/4/2024
104,PMA,Pauma,1998,P414404,Inland Valley-250,3,1050-H4,A,seu_gis_elec,00:00.0,35:12.0,crlynch,{767B7CCC-A9D9-4E90-BDB0-837BFD27381C},0,33.31236,-117.00349,745,,2,N,Y,,{7658C537-A4C6-4BCC-8A5C-7EEA47451846},POINT (1639341.22003 12092895.7277),4431,10/4/2024
105,ELF,Elfin Forest,4804,P715392,Coastal-243,6,1148-E2,A,tpreston,41:23.0,17:54.0,nmstadil,{D78AB695-0A9C-422F-BC42-38E21E461DE9},0,33.075734,-117.191493,677,,2,N,Y,,{46ED92CC-6CF6-4F92-8DA1-A8F36B7EF8E6},POINT (1581782.7994 12006875.9119),4431,10/4/2024
106,DDH,DEL DIOS HIGHWAY,4803,Z12407,COASTAL-243,6,1168-H1,A,cray,00:37.0,40:41.0,kmsanche,{80F17C1E-4284-4703-82F1-601696D7B1DA},0,33.037163,-117.165438,308,,2,N,Y,,{0110B864-DA43-4B23-84AE-76EE47B83CF4},POINT (1589692.1412 11992803.7475),4431,10/4/2024
107,MAD,MADERAS,4809,Z16556,INLAND VALLEY-250,3,1150-F7,A,JATiongc,49:08.0,35:24.0,cray,{391FE17C-0B2E-4457-AE85-49424EFB9299},0,33.040706,-117.029582,620,,2,N,Y,,{0B1FF877-0FBB-4BAF-81AE-87B932ED8650},POINT (1631352.82654 11994069.6173),4431,10/4/2024
108,SDR,SAN DIEGUITO RIVER,4811,Z519179,COASTAL-243,3,1168-H3,A,lpthomas,34:01.0,41:35.0,cray,{CE3B4653-C2D7-491D-80FE-BB328B29B07A},0,33.023051,-117.169214,247,,2,N,Y,,{4FD2FC3A-1FCC-41B5-A886-134BBF436E14},POINT (1588582.3678 11987695.8115),4431,10/4/2024
109,LDC,LINEA DEL CIELO,4808,P214840,COASTAL-243,6,1168-A6,A,FDMaya,37:43.0,38:59.0,cray,{6E844CDF-24EC-4472-B409-6DFB7BCF611E},0,32.99734,-117.228098,339,,1,N,N,,{0E804D8B-D9E8-464B-BEA7-CF78EAD0A134},POINT (1570534.54236 11978385.69794),4431,10/4/2024
110,WST,WHITE STAR,4812,P41244,MOUNTAIN-258,4,1320-A2,A,asiman,56:26.0,51:21.0,cray,{CDD80FB0-85E9-462C-A7C8-02A957D1C2D2},0,32.6443,-116.3186,3989,,2,N,Y,,{BE80463B-2C23-41B9-AF29-CD849EB752EC},POINT (1850089.07904 11850574.4489),4431,10/4/2024
111,BMR,Black Mtn Ranch,4800,Z312794,Coastal-243,3,1169-C6,A,JATamayo,46:54.0,42:43.0,nmstadil,{DD2C647A-2F6E-4EFD-8967-E29D27079DFC},0,32.994884,-117.132931,656,,2,N,Y,,{3D4048AD-2352-42E3-B92D-81EAA009F84B},POINT (1599684.76685 11977424.9377),4431,10/4/2024
112,CVX,Chula Vista,5183,Z187509,Coastal-243,1,1330-E4,A,seu_gis_elec,00:00.0,49:51.0,jmiles1,{71112033-DC81-496A-A011-5BBACD76C2B4},0,32.601591,-117.058007,134,,1,N,N,,{8E3DC05C-F005-47C7-9B02-4666390BE87E},POINT (1622568.7746 11834370.0417),4431,10/4/2024
126,WPT,West Potrero,1972,P172190,Inland Valley-250,4,1336,A,seu_gis_elec,00:00.0,20:20.0,gdorman,{7D4F9FF7-DE2C-48C9-B11B-EF964C87A734},0,32.612144,-116.613335,2300,,3,N,Y,,{EEEB7F9E-FE61-4398-8321-5857965774BA},POINT (1759414.05865 11838410.5966),4431,10/4/2024
16,SYR,Santa Ysabel Ranch,5130,P413688,Mountain-258,3,1115,R,seu_gis_elec,00:00.0,25:15.0,spetrash,{4E0FA016-52A5-4693-8D7A-A3510057EEC1},0,33.13219,-116.68593,2938,,3,N,Y,,{FEDC7A4C-1085-401B-8A3E-F6E0765E7D99},POINT (1736519.0329 12027484.4275),4431,10/4/2024
54,WCV,Wisecarver,5138,P971293,Inland Valley-250,4,1274-C6,A,seu_gis_elec,00:00.0,26:33.0,gdorman,{A1B72C01-372C-40A5-B0CA-F50DCCE0C803},0,32.732756,-116.761728,2541,,3,N,Y,,{337F2620-BCFF-4F9E-A8F3-D36949A4AFD5},POINT (1713646.64325 11882149.0075),4431,10/4/2024
117,ALLC1,Aliso Laguna RAWS,,,Coastal-552,,951-B4,A,rfeura,00:00.0,00:00.0,glopez4,,0,33.5358,-117.7535,845,,1,N,N,,{34DB73D6-40EC-409A-A0E6-C3814BA1A3CC},POINT (1410885.988 12174983.9287),4431,10/4/2024
118,ROC,ROCKWOOD,5193,P194266,INLAND VALLEY-250,3,1111-D6,A,rfeura,57:23.0,01:44.0,rfeura,{C95A6CFE-C681-44BC-9FE4-16F09DF90448},0,33.142188,-116.96861,2210,,3,N,Y,,{B7BAEE7C-682B-453F-AC1B-3E940871B7B5},POINT (1650034.4716 12030970.81714),4431,10/4/2024
119,GOS,Goose Valley,1927,P716692,Inland Valley-250,3,1153-A2,A,seu_gis_elec,00:00.0,00:00.0,bsingh,{B6109C33-89B3-4EB0-933C-08D35D7DFBAF},0,33.0671,-116.84519,1508,,2,N,Y,,{85D1EAED-3D6E-4C99-8F23-10AD8A5E2748},POINT (1687852.3336 12003720.76764),4431,10/4/2024
120,VMT,VIEJAS MOUNTAIN TRAIL,5198,P871255,INLAND VALLEY-250,4,1234-D3,A,rfeura,50:04.0,50:26.0,rfeura,{E486A77B-87BE-4068-BB18-D482AA1D3C63},0,32.853929,-116.742395,2630,,3,N,Y,,{F174AC59-4419-4375-B319-94358B023B8B},POINT (1719498.38745 11926237.23035),4431,10/4/2024
204,SSS,Sunshine Summit,5133,P414128,Mountain-258,3,1034,A,seu_gis_elec,00:00.0,20:08.0,asiman,{A591E4DC-E992-4472-9242-A8352ABFD501},0,33.3432,-116.731714,3268,,2,N,Y,,{A7BC8300-35DC-4870-964E-8394BCE1A95C},POINT (1722332.2883 12104196.97284),4431,10/4/2024
122,GUR,GUEJITO RANCH,5194,P713614,INLAND VALLEY-250,3,1111-E3,A,vbiggs,56:49.0,15:53.0,jschneid,{E2413887-CEA3-4514-BD4D-90FAA3F382D3},0,33.166726,-116.95466,1924,,3,N,Y,,{245D3ACD-2043-4C70-A939-F23DC2198BE5},POINT (1654295.54285 12039928.4236),4431,10/4/2024
123,HVY,Highland Valley,1955,P811734,Inland Valley-250,3,1151-H7,A,seu_gis_elec,00:00.0,04:42.0,Esellers,{FDD043F7-48A6-4620-A7C8-9C9DD11DC955},0,33.035112,-116.936045,1345,,2,N,Y,,{F41BAC39-8E61-4510-9682-BA4A80D79525},POINT (1660027.033 11992036.25555),4431,10/4/2024
124,MCN,MARION CANYON,5197,P214799,INLAND VALLEY-250,3,1030-D3,A,vbiggs,40:34.0,40:59.0,vbiggs,{BBB9D3F5-6148-4471-B8D6-BE26341DDAB4},0,33.368776,-117.040184,699,,3,N,Y,,{36F5F4A3-7141-4319-A8EA-C8FB46D9B9C0},POINT (1628155.2372 12113389.5227),4431,10/4/2024
125,NHG,Nate Harrison Grade,5124,P312925,Inland Valley-250,3,1051-D3,A,seu_gis_elec,00:00.0,00:00.0,bsingh,{9641BBA9-404E-4BB1-9409-161203810F15},0,33.32219,-116.96191,1752,,2,N,Y,,{336A5A1A-ED88-4326-A7B7-05668DD8565F},POINT (1652042.2858 12096463.6186),4431,10/4/2024
212,TNT,Thundernut,4816,P12814,Inland Valley-250,3,1091-C1,A,RPhilli1,55:48.0,26:38.0,jgonzal7,{F5DA3621-76E2-4B09-AD2B-3A94637979DF},0,33.235369,-116.972891,1616,,2,N,Y,,{20351F57-58E9-471B-9C6B-5B7F05D9C80D},POINT (1648712.7075 12064878.2162),4431,10/4/2024
127,SHV,Sherilton Valley,5181,P138940J,Mountain-258,4,0-0,A,seu_gis_elec,00:00.0,19:48.0,crlynch,{C66FB486-F1D8-4BA6-8B16-D77B1407E158},0,32.914475,-116.620218,3609,,3,Y,Y,,{FEACC953-4EB7-4ED7-86E0-1611802889D8},POINT (1756918.74506 11948363.9489),4431,10/4/2024
128,SWR,Sweetwater River,5147,Z273002,Inland Valley-250,4,1235-J6,A,seu_gis_elec,00:00.0,05:00.0,rfeura,{71AF3C64-62C6-4A2B-99AB-40634C525C56},0,32.831738,-116.628345,3394,,3,N,Y,,{9FA79BEC-2B34-4E25-AD23-F0963D67C72C},POINT (1754526.55695 11918259.02155),4431,10/4/2024
114,CWD,Crestwood,1967,Z44225,Mountain-258,4,1299-D2,A,seu_gis_elec,00:00.0,18:35.0,kmsanche,{465B6B44-059E-4AE1-AB7F-90BFB8BB9895},0,32.7008,-116.3683,4088,,3,N,Y,,{C7DB1FF3-7A7C-47F8-90CC-85F2B111280F},POINT (1834654.9921 11870997.7824),4431,10/4/2024
130,WDC,West Descanso,5134,Z273021,Mountain-258,4,1235-J3,A,seu_gis_elec,00:00.0,00:00.0,bsingh,{67CE6F8D-9F12-4A46-B8CC-3E08CD535C6F},0,32.849522,-116.629868,3877,,3,N,Y,,{9433B41E-BD31-457D-AB9D-D3D386FF515D},POINT (1754052.0933 11924728.4115),4431,10/4/2024
131,MGR,Mussey Grade,1956,P192522,Inland Valley-250,3,1172-C7,A,seu_gis_elec,00:00.0,40:01.0,hgamboa2,{857C5333-E61C-44D0-822F-DA4857C3E6E6},0,32.986316,-116.908692,1597,,3,N,Y,,{3C89EE8B-F2CC-4D95-B236-A4CA93171AFE},POINT (1668405.6813 11974296.87994),4431,10/4/2024
132,RAM,Ramona,1902,P618366,Inland Valley-250,3,1152-H1,A,seu_gis_elec,00:00.0,35:14.0,hgamboa2,{3A882148-AC0A-4DCC-9787-83BBF049CE10},0,33.072985,-116.857973,1513,,2,N,Y,,{E95C523F-0A02-4C1A-83FB-346FB911FAD1},POINT (1683914.57513 12005835.78046),4431,10/4/2024
187,PCT,PACIFIC CREST TRAIL,4810,P44674,MOUNTAIN-258,4,1338,A,SMShambl,52:30.0,51:33.0,Esellers,{BFC4FE54-FDC9-4BC2-B816-2CAAE8CD88DE},0,32.5942,-116.46689,2800,,3,N,Y,,{585BC3FB-0CC1-4E4C-8B7A-72F596DBE180},POINT (1804355.74365 11832056.31866),4431,10/4/2024
134,OLD,OLD CASTLE,4845,Z610425,INLAND VALLEY-250,3,1069-H4,A,lpthomas,00:46.0,02:18.0,lpthomas,{9C493365-4457-4594-908A-4C417C167D02},0,33.262493,-117.085655,1199,,2,N,Y,,{5B446B56-3BAB-4437-9AB9-AB8F2E4C779D},POINT (1614251.82043 12074746.01044),4431,10/4/2024
135,BVDC1,MISSION VALLEY RAWS,19200,,COASTAL-243,2,1269-D1,A,crfranco,00:00.0,55:17.0,Esellers,,0,32.782955,-117.135901,298,,1,N,N,,{449FEDE4-48BB-4F62-BE60-E80720DB0A44},POINT (1598663.48285 11900349.9035),4431,10/4/2024
136,CDV,Calle De Vista,4819,Z12852,Inland Valley-250,3,1090-F3,A,RPhilli1,53:11.0,08:25.0,jgonzal7,{9C7BA47B-65AF-423D-9C24-C708F624145C},0,33.21975,-117.023217,1574,,3,N,Y,,{58FC51BC-237D-40CE-A115-9113C4F8E635},POINT (1633309.2328 12059187.1741),4431,10/4/2024
137,PVC,Pine Valley Creek,4840,P175866,Mountain-258,4,1237-B4,A,RPhilli1,16:53.0,23:46.0,jgonzal7,{E7F4194B-3ECC-4618-BDB3-95F277D78D58},0,32.841364,-116.531321,3678,,3,N,Y,,{481027B4-A5C5-4177-B6E9-A98F4332CAB1},POINT (1784311.5275 11921894.1104),4431,10/4/2024
138,WIN,Winterwarm,4844,P615183,Inland Valley-250,3,1028-C7,A,mclifton,23:44.0,31:20.0,jgonzal7,{07972D96-7BFD-4389-8995-C7B1FEC7D9F0},0,33.34319,-117.205404,708,,2,N,Y,,{19CA8DD2-C088-4D91-8F4C-87201623AF72},POINT (1577722.11365 12104148.61176),4431,10/4/2024
139,DLH,De Luz Heights,4838,Z322621,Inland Valley-250,3,997-C3,A,RPhilli1,21:08.0,10:26.0,jgonzal7,{02B2A03B-BE0D-4EF3-A61D-91AED3A1B9FC},0,33.431104,-117.280699,1310,,2,N,Y,,{D78BC63B-B994-4AF2-B94A-E89DA9E5856B},POINT (1554820.4465 12136181.48236),4431,10/4/2024
140,TAV,TAVERN,4821,P245999,Inland Valley-250,4,1233-J5,A,DMurphy1,19:33.0,25:23.0,jgonzal7,{BB9CCD1E-7BBC-4179-A4A5-12317D170A56},0,32.8458,-116.785525,1789,,2,N,Y,,{F8B0FAE6-71FF-4583-A3A1-CE3C3CF460DE},POINT (1706264.5114 11923251.8033),4431,10/4/2024
141,HAG,HARMONY GROVE,4823,P16147,Inland Valley-250,3,1129-C6,A,jharris1,20:36.0,16:24.0,jgonzal7,{B8A7B8F4-E1FA-49ED-8AD5-1849A0857103},0,33.097936,-117.130462,577,,2,N,Y,,{BA13EA7E-3D8D-41F1-95BF-856852A7B7EC},POINT (1600487.24884 12014836.9265),4431,10/4/2024
142,GVY,GREEN VALLEY,4839,P198951,MOUNTAIN-258,4,1216-F2,A,jharris1,09:36.0,15:51.0,jgonzal7,{BE0220EE-12AB-4112-8F1E-3AD19B53C891},0,32.909025,-116.575519,3985,,3,N,Y,,{31F61583-B441-44FB-8328-B702498C59A4},POINT (1770637.2993 11946434.4616),4431,10/4/2024
143,RCC,RAINBOW CONSERVATION CAMP,4830,Z811365,Inland Valley-250,3,999-C3,A,rstaffor,56:35.0,24:19.0,jgonzal7,{10DCA0FC-A090-49DB-8C79-CDE0A5F9B458},0,33.426525,-117.121452,1597,,3,N,Y,,{BF1ECBBC-7932-460C-B1A7-443111A29730},POINT (1603381.5498 12134409.5899),4431,10/4/2024
144,DLC,De Luz Creek,4833,P216083,Inland Valleys-250,3,996-G3,A,apanduro,14:32.0,09:24.0,jgonzal7,{F9C14DDA-BF82-409D-BD00-6389192CD627},0,33.429249,-117.323876,399,,2,N,Y,,{A3733E4D-B57E-4B39-B37C-B3B9133E5300},POINT (1541647.2376 12135530.19135),4431,10/4/2024
145,DCO,Descanso,4846,Z173055,Mountain-258,4,1236-C3,A,mabeln,22:07.0,13:04.0,jgonzal7,{C39A1858-CA13-416D-B421-931C575346FF},0,32.854713,-116.600536,3504,,3,N,Y,,{08190DE9-1935-4D20-B0BC-94DA3F61D30D},POINT (1763044.6347 11926665.98145),4431,10/4/2024
39,RCR,Rincon Reservation,1900,P619462,Inland Valley-250,3,1071-E5,A,seu_gis_elec,00:00.0,59:16.0,jmiles1,{1632A94E-C1A6-40AB-943B-7A5507EA9CB1},0,33.25143,-116.95707,992,,3,N,Y,,{CA35EB04-CFF9-4100-9B14-36EF1D357EC3},POINT (1653542.5414 12070720.92206),4431,10/4/2024
147,MAT,Matics Field,4820,P515881,Inland Valley-250,3,1070-E7,A,CLCosby,35:42.0,19:09.0,jgonzal7,{C8571EEC-534E-42C5-9E08-D25066361B9B},0,33.23781,-117.029574,1366,,2,N,Y,,{1BFD9913-E9F3-4742-97CA-48BC35D126BA},POINT (1631129.3939 12065991.2461),4431,10/4/2024
148,GAV,GAVILAN MOUNTAIN,4835,Z811386,INLAND VALLEY-250,3,998-A2,A,AGALLARD,04:51.0,15:20.0,jgonzal7,{42DDB5EC-A521-41B6-ACD9-D741ACC50394},0,33.431739,-117.21239,1641,,3,N,Y,,{D726EA76-14E1-4112-9496-91FEDB34A081},POINT (1575648.0167 12136352.24316),4431,10/4/2024
149,VCH,Valley Center Hilltop,4837,P513291,Inland Valley-250,3,1070-D2,A,AGALLARD,35:33.0,30:38.0,jgonzal7,{2339FB82-EFC3-4EF1-817E-C274AE7C1191},0,33.274119,-117.039375,1469,,2,N,Y,,{D44879C1-8420-4736-9AE6-AABD442D855A},POINT (1628373.801 12078966.92126),4431,10/4/2024
150,LOG,Longs Gulch,4843,Z415750,Inland Valley-250,3,1192-G3,A,calonzo,23:52.0,18:41.0,jgonzal7,{18A44FB2-1785-4BA2-8748-C215D9012658},0,32.960147,-116.874744,1668,,3,N,Y,,{52EC58BC-25FB-4B46-A3F0-CC6916825B0F},POINT (1678836.10626 11964797.88385),4431,10/4/2024
151,CAB,Caballo Park,4826,P314747,Inland Valley-250,3,1110-E4,A,jatamayo,26:00.0,06:46.0,jgonzal7,{C6C286BB-CC5C-463C-A0A3-F993A3D54D0C},0,33.1581,-117.0333,752,,2,N,Y,,{60ED7DE9-6E6F-4ACB-835C-B99F0AB202B8},POINT (1630241.2799 12036771.8626),4431,10/4/2024
152,DJZ,Living Coast,4813,PWS,Coastal-243,4,1312-F5,A,jgonzal7,51:08.0,51:56.0,jgonzal7,,0,32.64186,-116.89528,15,,2,N,Y,,{96B87F77-9823-4B75-A0B7-B16DB98CE5EC},POINT (1672640.496 11849023.0892),4431,10/4/2024
261,SYR,SAN YSABEL RANCH,5130,P214538,Mountain-258,3,1115,P,spetrash,34:27.0,,,{D866F9E1-96EE-415C-894E-856C1FCA8591},0,33.13237982,-116.6797765,2900,,3,N,Y,,{A384DA47-5FA5-4979-A2B6-C1203CA7BAF5},POINT (1738406.9425 12027568.64124),4431,10/4/2024
201,BRJ,Barrett Junction,1910,P278835,Inland Valley-250,4,1335,A,seu_gis_elec,00:00.0,29:06.0,gdorman,{41579AD4-120E-4B86-8A5A-8C24F615DAC9},0,32.60175,-116.68458,1225,,3,N,Y,,{A9686FD2-D714-4DC2-AEEF-69FF3D699BEE},POINT (1737526.858 11834567.0797),4431,10/4/2024
155,STT,Shockey Truck Trail,5131,P46507,Mountain-258,4,1318-G4,A,seu_gis_elec,00:00.0,24:13.0,rwillia5,{297063F8-E696-40ED-9600-93CE9B266521},0,32.633868,-116.423472,2893,,3,N,Y,,{7F2180DC-3611-4F3A-904D-B68D53756D1F},POINT (1817821.0435 11846595.57043),4431,10/4/2024
156,RCE,Rincon Central,5178,P311396,Inland Valley-250,3,1071-F3,A,seu_gis_elec,00:00.0,46:54.0,eaguila1,{F058F097-8D8C-4EA2-8757-2162B197115D},0,33.270666,-116.946043,896,,3,N,Y,,{57591504-3008-4356-A8EC-E6F6551164B0},POINT (1656901.79285 12077708.9428),4431,10/4/2024
157,DZR,Dulzura,5116,P875578J,Inland Valley-250,4,1334,A,seu_gis_elec,00:00.0,13:09.0,rwillia5,{CA8B0A79-33C4-4497-9247-0F499029F221},0,32.614888,-116.758058,1428,,3,N,Y,,{451F2B26-FE45-4700-BAD4-B98BA13ED7F9},POINT (1714894.13354 11839288.8842),4431,10/4/2024
158,CAP,Bell Canyon,1923,P321798,Coastal-554,7,923-G7,A,seu_gis_elec,00:00.0,48:33.0,rreynold,{88976CED-7302-4892-960E-F1E1C0B2F249},0,33.55751,-117.547413,503,,2,N,Y,,{5BFB5FFB-80CC-413C-A649-A45FDFC3B305},POINT (1473712.12805 12182496.1286),4431,10/4/2024
211,DAM,MORENA DAM,4829,P42834,MOUNTAIN-258,4,1297-A5,A,asiman,45:21.0,55:51.0,KBarthol,{3001E554-4E9E-482E-828C-FFA1E5119896},0,32.68525,-116.546235,3052,,3,N,Y,,{9DC0EC85-1E2C-4D54-9006-E4AFBD88277B},POINT (1779985.3101 11865090.35004),4431,10/4/2024
160,LCM,Lake Cuyamaca,5122,P776497,Mountain-258,4,1176-C4,A,seu_gis_elec,00:00.0,15:22.0,rfeura,{57F1B572-0068-4896-AA0F-CF4ABF1B67F2},0,32.99739,-116.59515,4773,,3,N,Y,,{636865FE-F1FB-4068-BB1C-7B9D8B4E171C},POINT (1764496.04877 11978539.68646),4431,10/4/2024
161,LAG,Laguna,1968,P40066,Mountain-258,4,1237-J3,R,seu_gis_elec,00:00.0,47:39.0,eaguila1,{13F3781B-E069-4961-95C5-D9167B7E99A3},0,32.845322,-116.472219,5024,,3,N,Y,,{ACC7851A-8A44-445E-946C-F70D5E20B7E6},POINT (1802464.58704 11923398.8896),4431,10/4/2024
162,SYC,Sycamore,1943,P103782,Inland Valley-250,2,1210-G3,A,seu_gis_elec,00:00.0,38:31.0,eaguila1,{4A9B5769-0086-4971-B0A1-66ACC2F04E1B},0,32.91431,-117.02959,1025,,2,N,Y,,{6FC4CE16-7DB8-443A-960D-2D9C7978130C},POINT (1631339.2203 11948113.0383),4431,10/4/2024
163,COH,CORONADO HILLS,4802,P710787,INLAND VALLEY-250,3,1129-A4,A,CLCosby,42:40.0,57:39.0,EPeluso,{A31648A1-9743-49D5-96D0-161879BEF44E},0,33.114312,-117.153299,1379,,2,N,Y,,{A1D450B9-3B4C-457F-BF34-A2A651C20357},POINT (1593491.315 12020872.27795),4431,10/4/2024
164,HMD,Hidden Meadows,1993,P815571,Inland Valley-250,3,1089-G2,A,seu_gis_elec,00:00.0,22:18.0,jmiles1,{FD5AFC87-9C6C-4517-8944-C42E1184C70D},0,33.22651,-117.09415,1351,,2,N,Y,,{05098E86-9389-41FA-9F84-576FA0882702},POINT (1611635.59174 12061646.24036),4431,10/4/2024
165,CLN,Crestline,5155,P412935,Mountain-258,3,1052-G4,A,seu_gis_elec,00:00.0,01:04.0,eaguila1,{A97194E3-00CC-4B08-8674-E9701F5F707C},0,33.30793,-116.854808,5552,,3,N,Y,,{E1AA8F83-D926-4DA3-A9B9-323BF6DD17CE},POINT (1684747.248 12091298.94354),4431,10/4/2024
167,KCK,Keyes Creek,1983,P213226,Inland Valley-250,3,1049-H4,A,seu_gis_elec,00:00.0,45:49.0,hgamboa2,{91C8E14D-78BB-4D10-BAD4-6E732F292EC5},0,33.313206,-117.085778,1025,,2,N,Y,,{F5129724-B488-4C66-B9D2-F8B8C1FF1ACF},POINT (1614233.11804 12093192.7413),4431,10/4/2024
168,COY,Los Coyotes,1987,P179867,Mountain-258,3,1076,A,seu_gis_elec,00:00.0,41:24.0,rwillia5,{BDEDEC43-136A-4819-9F5E-3FE9356BC9C0},0,33.258167,-116.58535,3803,,2,N,Y,,{BA3C100D-2CD2-4377-9380-4AA2CCA7FE1E},POINT (1767118.8513 12073444.0609),4431,10/4/2024
169,EWR,East Willows Rd,5165,P772675,Inland Valley-250,4,1235-C5,A,seu_gis_elec,00:00.0,55:39.0,eaguila1,{271BF671-2959-4B99-9E02-2DBD105D7F1D},0,32.836874,-116.682487,2754,,3,N,Y,,{D117EDA6-6208-48DA-8081-6BA8DB0AEC08},POINT (1737904.14594 11920050.49536),4431,10/4/2024
170,LJH,La Jolla Heights,5186,Z61340,Coastal-243,2,1228-A6,A,seu_gis_elec,00:00.0,00:00.0,bsingh,{B3BF899B-AB33-4A9B-BCD4-3C2019A72B28},0,32.844262,-117.239726,409,,1,N,N,,{7A2B002E-2138-425F-8CE4-96666ED0DB19},POINT (1566821.18335 11922696.1065),4431,10/4/2024
171,WRB,West Rancho Bernardo,5135,P515156,Inland Valley-250,3,1169-E1,A,seu_gis_elec,00:00.0,44:07.0,eaguila1,{A73F4E85-1D67-4EEF-8441-B09A51F40DC2},0,33.031135,-117.122459,735,,2,N,Y,,{C5AEA91C-BC35-4224-B30E-F71D2BE9A8F0},POINT (1602943.472 11990618.01434),4431,10/4/2024
172,HHC,HELLHOLE CANYON,5153,P166175,Inland Valley-250,3,1091-J2,R,jgonzal7,30:23.0,33:03.0,jgonzal7,{CB891041-5EB1-444C-8C1C-D3DA6391180B},0,33.224407,-116.92354,2001,,3,N,Y,,{59E72938-7F81-4824-929B-B1636BA0A533},POINT (1663799.0727 12060908.9016),4431,10/4/2024
173,LPT,La Posta,5121,P40815,Mountain-258,4,1278,A,seu_gis_elec,00:00.0,43:22.0,eaguila1,{20234FC3-23F2-4E78-9F79-A347B3BFE12D},0,32.713771,-116.403757,4001,,3,N,Y,,{A441C235-6825-4152-9E07-27BF13CD1D5A},POINT (1823240.5527 11875046.1372),4431,10/4/2024
174,JUL,Julian,1928,P210713,Mountain-258,3,1136-C7,A,seu_gis_elec,00:00.0,01:39.0,nwise,{4B834070-7A0B-47D9-A8D0-217F8CB14CA6},0,33.07647,-116.591566,4201,,3,N,Y,,{53594D6C-7545-4432-9577-DD40C5232B54},POINT (1765461.3129 12007281.67786),4431,10/4/2024
175,AVO,Avocado,5109,P115410,Inland Valley-250,3,1027-F1,A,seu_gis_elec,00:00.0,10:44.0,eaguila1,{40183CA5-6EA4-4E74-B624-7B62BEA35A27},0,33.39251,-117.2547,658,,2,N,Y,,{35312FA1-D8E4-4D96-B61C-AEE1121077B5},POINT (1562731.0996 12122126.3274),4431,10/4/2024
176,FBK,Fallbrook,1999,P616270,Inland Valley-250,3,1028-G6,A,seu_gis_elec,00:00.0,40:07.0,rreynold,{75D5F291-0A5A-4CCD-889E-2BDF3510FF44},0,33.354668,-117.167308,936,,2,N,Y,,{A51DF416-F4BD-40AC-B86B-AB4CA872B2D2},POINT (1589332.0123 12108302.46234),4431,10/4/2024
177,BOC,Boulder Creek,1965,P972515,Mountain-258,4,1195-G5,A,seu_gis_elec,00:00.0,26:14.0,rreynold,{374B293A-3ADE-480B-A869-1D22FF582771},0,32.940415,-116.636688,3719,,3,N,Y,,{65ED1894-486F-4BA3-8016-366C72A239F4},POINT (1751841.74994 11957772.7578),4431,10/4/2024
178,POT,Potrero,1933,P44018,Inland Valley-250,4,1336,A,seu_gis_elec,00:00.0,00:00.0,crlynch,{C547DDE9-8F95-4F24-B709-A1653836D358},0,32.606357,-116.576878,2776,,3,N,Y,,{1F0B272A-CA65-4C7D-BF92-E33FB386F078},POINT (1770679.8786 11836354.76874),4431,10/4/2024
179,JAM,Jamul,1940,P272348,Inland Valley-250,4,1292-H2,A,seu_gis_elec,00:00.0,00:00.0,bsingh,{FE2DE339-E49A-48FF-A2DD-E69DC7E07C19},0,32.71384,-116.869836,1042,,3,N,Y,,{8690ACBC-A257-4F09-9668-D9E97DFE1D9E},POINT (1680418.4565 11875233.38617),4431,10/4/2024
180,TLK,Turner Lake,1991,P116248,Inland Valley-250,3,1089-J2,A,seu_gis_elec,00:00.0,47:01.0,rreynold,{B89ADE46-4671-4BDB-9E30-2C0A8161A22C},0,33.226073,-117.075749,1260,,2,N,Y,,{4F4E5D75-5660-4904-990C-30681C271D03},POINT (1617264.8029 12061500.29614),4431,10/4/2024
181,SVC,San Vicente,1953,P278017,Inland Valley-250,4,1211-G3,A,seu_gis_elec,00:00.0,20:02.0,rwillia5,{C87D95DF-D11E-42DE-80B3-746A81C7AA31},0,32.912441,-116.952078,539,,3,N,Y,,{9B4992E2-DC13-471B-8438-79DADC27DB18},POINT (1655110.0822 11947422.0344),4431,10/4/2024
182,BUB,BUFFALO BUMP,4832,Z322645,Mountain-257,3,995,A,jgonzal7,37:28.0,,,{0DC62454-D99E-49E3-93CD-9F44AA41F719},0,33.42941,-117.382772,2884,,2,N,Y,,{E73013A9-B38C-42EF-9B2D-6B9A9ED5F955},POINT (1523664.0633 12135621.22565),4431,10/4/2024
183,SHC,School House Canyon,5168,P221207,Mountain-258,3,1115,A,seu_gis_elec,00:00.0,00:25.0,rreynold,{227EC02B-5132-42E4-BBD2-A4EF2C10CB91},0,33.14563,-116.641258,4284,,3,N,Y,,{FF34EAF0-5936-4131-926D-B8F6A4440A47},POINT (1750179.1631 12032415.89496),4431,10/4/2024
184,PIV,Pine Valley,5175,Z276637,Mountain-258,4,1237-C7,A,seu_gis_elec,00:00.0,00:00.0,bsingh,{04F8E668-074A-49D6-854D-E76F80F83097},0,32.81744,-116.520848,3939,,3,N,Y,,{7A9108A7-B28C-4F3A-9D0E-1F7E5DC5B35F},POINT (1787581.51935 11913198.10815),4431,10/4/2024
185,SRH,Sunrise Highway,1969,Z40254,Mountain-258,4,1257,A,seu_gis_elec,00:00.0,00:00.0,bsingh,{C220F6D2-B9E0-42B8-97C7-C3BA051C6517},0,32.80849,-116.5083,4005,,3,N,Y,,{2FFCA3E6-7DD5-421E-B9BF-A161555AE146},POINT (1791452.2275 11909962.35443),4431,10/4/2024
186,OTY,Otay,1904,P373411,Inland Valley-250,4,1292-A1,A,seu_gis_elec,00:00.0,37:16.0,pkeane,{2AD7B348-0146-4023-A95D-B6DBC6869EE1},0,32.72022,-116.92783,854,,2,N,Y,,{5A9A410F-22AB-4AAC-A672-8DBAE82B4FEF},POINT (1662572.81134 11877503.2694),4431,10/4/2024
115,CPO,Campo,1970,P43488,Mountain-258,4,1337,A,seu_gis_elec,00:00.0,00:00.0,crlynch,{F3CD9FDD-AA65-4942-9599-3398D4EAC3DF},0,32.598978,-116.492922,2417,,3,N,Y,,{47C93C5D-FFD3-4F27-9D38-818BE174685F},POINT (1796539.1635 11833806.2289),4431,10/4/2024
188,NRA,North Ramona,4824,P137740,Inland Valley-250,3,1152-E3,A,CBombaci,19:42.0,49:56.0,hgamboa2,{F07A0ECE-059D-46FA-8BEE-4356CCFA2134},0,33.059736,-116.881259,1549,,3,N,Y,,{55C02B61-A79B-4A7C-9FC7-04EBDE399574},POINT (1676801.005 12001011.0985),4431,10/4/2024
190,TWO,Twin Oaks,1990,P715488,Inland Valley-250,3,1088-J7,A,seu_gis_elec,00:00.0,37:28.0,ngaytan,{8F456CE6-13B7-4A79-A937-A2581D78700D},0,33.19377,-117.15301,766,,2,N,Y,,{3385AB87-6254-4B7A-AA01-355625D46841},POINT (1593621.5421 12049773.4295),4431,10/4/2024
191,LAG,Laguna,1968,P258651,Mountain-258,4,1237-J3,P,cray,49:37.0,30:22.0,cray,{7E013021-B5D6-4034-B5C1-A8F07405B311},0,32.845322,-116.472219,5024,,3,N,Y,,{02A77C09-9D50-4E03-85F8-E0E5A63D7A26},POINT (1802693.0082 11923201.08057),4431,10/4/2024
192,GTY,Guatay,5118,Z173086,Mountain-258,4,1236-F2,A,seu_gis_elec,00:00.0,00:00.0,bsingh,{380E7411-4994-49A5-A963-AC1E01763A3F},0,32.85523,-116.5743,3892,,3,N,Y,,{53997367-973E-471E-BE25-0B50A6BFCE56},POINT (1771114.8997 11926866.31537),4431,10/4/2024
193,SOS,Simon Open Space,4825,P248816,Inland Valley-250,3,1153-C7,A,apanduro,26:03.0,44:21.0,rfeura,{6119A9CB-3931-434A-AD7B-EA20BAA29CD3},0,33.030521,-116.827807,1969,,3,N,Y,,{719EDAFC-BFC3-4CFA-AB55-248F486B807D},POINT (1693185.19995 11990404.83856),4431,10/4/2024
194,LCK,Lawson Creek,5172,P139016,Inland Valley-250,4,1274-F4,A,seu_gis_elec,00:00.0,00:00.0,bsingh,{AC4837B0-D479-462B-B889-4B6E373B78AE},0,32.743329,-116.732118,2262,,3,N,Y,,{625E3361-B36F-4DA5-A26C-ED136D47C9DA},POINT (1722744.8242 11886002.3207),4431,10/4/2024
195,MLG,Mt. Laguna,1929,P40472,Mountain-258,4,1218-E6,A,seu_gis_elec,00:00.0,00:00.0,bsingh,{A4C0996F-BDD2-41F3-A277-981097D8AE6B},0,32.878305,-116.42442,5795,,3,Y,Y,,{A569A1F6-D4EF-4EDB-8973-8D52C12BF978},POINT (1817048.91547 11935489.4005),4431,10/4/2024
196,SOB,Solana Beach,5159,Z24492,Coastal-243,6,1167-E5,A,seu_gis_elec,00:00.0,00:00.0,bsingh,{259B20C3-B562-4BBC-A582-5C1C3FA52E4A},0,33.007305,-117.276228,13,,1,N,N,,{D8702163-92A7-4362-9A58-B853C2B3EACF},POINT (1555784.95276 11982054.1994),4431,10/4/2024
197,DHV,Deerhorn Valley,1973,P874846,Inland Valley-250,4,1294-C5,A,seu_gis_elec,00:00.0,26:29.0,hgamboa2,{D7119B81-3B49-4D17-B592-F5ECB2F12CF7},0,32.68695,-116.762208,2382,,3,N,Y,,{F0FE985B-5673-4AC6-826F-3FAE153BD01D},POINT (1713560.08734 11865439.84045),4431,10/4/2024
198,CST,Crest,1947,P275016,Inland Valley-250,4,1253-A3,A,seu_gis_elec,00:00.0,36:08.0,hgamboa2,{7F23C6F4-77DE-42D8-9178-5B66DEB7D7EA},0,32.811475,-116.854314,1480,,2,N,Y,,{E673BA4E-D644-41A5-B00E-621C9934597C},POINT (1685146.03265 11910734.0763),4431,10/4/2024
199,RCH,Ranchita,1934,P204727,Mountain-258,3,1097,A,seu_gis_elec,00:00.0,06:15.0,rreynold,{C521EC5F-6850-423E-B447-7296D4972980},0,33.21034,-116.509261,4124,,2,N,Y,,{C01E67F0-11A3-44E7-8B73-C90438DEBEF7},POINT (1790453.8538 12056084.4277),4431,10/4/2024
200,UDR,Upper Daley Ranch,4848,Z12874,Inland Valley-250,3,1090-D5,A,jatamayo,24:09.0,29:55.0,ad-nwise,{EBB98600-653D-4426-BA73-5C0315DB798F},0,33.20197,-117.042192,1640,,3,N,Y,,{C15EAED7-B3F9-4355-B49D-46EAC17847F1},POINT (1627530.0271 12052723.5794),4431,10/4/2024
113,VGD,Viejas Grade,5169,P257759,Mountain-258,4,1235-E2,A,seu_gis_elec,00:00.0,03:56.0,gwalker,{03BE6AD3-3E57-44EF-A8D7-3B5F1B6FCB6B},0,32.863554,-116.662306,3211,,3,N,Y,,{EFC40AC4-9E6A-4FF1-9C11-65C6245CA274},POINT (1744072.5355 11929957.91187),4431,10/4/2024
202,MGD,Mesa Grande,1966,P812905,Mountain-258,3,1114,A,seu_gis_elec,00:00.0,44:45.0,rreynold,{4B62E15A-567A-4DAB-AC3B-749354498271},0,33.167593,-116.759273,3340,,3,N,Y,,{17BEE7AF-42E9-45F8-A03E-4A65998C46C0},POINT (1714052.97284 12040303.2283),4431,10/4/2024
203,LLD,Loveland,1974,Z776273,Inland Valley-250,4,1253-H3,A,seu_gis_elec,00:00.0,00:00.0,bsingh,{3BF1447C-3E0B-4466-A4FF-71FC4599DE91},0,32.808302,-116.788723,1787,,3,N,Y,,{6C4094E4-9587-4149-ABAD-71358C1E0970},POINT (1705297.5829 11909605.0097),4431,10/4/2024
75,RSF,Rancho Santa Fe,1938,P12495,Coastal-243,6,1168-E1,A,seu_gis_elec,00:00.0,37:17.0,jmiles1,{689DA7D4-813D-4B02-9EBC-26CD41628351},0,33.036349,-117.194609,256,,1,N,N,,{3643B502-79A4-43FD-A27C-14BAEA4018C0},POINT (1580808.1514 11992538.45703),4431,10/4/2024
205,WWY,West Wynola,5137,P17819,Mountain-258,3,1135-E3,A,seu_gis_elec,00:00.0,32:23.0,rwillia5,{FA5C740A-49E1-4664-9DEF-016CB731D5D3},0,33.10511,-116.65294,3577,,3,N,Y,,{B5DD0B77-47C5-4C6D-BADA-708AD19D6572},POINT (1746666.3617 12017679.8949),4431,10/4/2024
206,DDS,Del Dios South,4822,Z220661,Inland Valley-250,3,1149-D4,A,jmiles1,04:01.0,54:43.0,kmsanche,{6C055BCD-79E6-4DB3-A0AA-EC9242E69C4F},0,33.059495,-117.121765,495,,2,N,Y,,{E3A53514-BE4D-48EE-859E-2E45F4EC6B37},POINT (1603135.55096 12000942.77454),4431,10/4/2024
129,PCK,Pauma Creek,5173,P815207,Inland Valley-250,3,1051-B2,A,seu_gis_elec,00:00.0,57:00.0,jmiles1,{606C7798-57A6-4F72-8383-41FE163D218F},0,33.328876,-116.980929,1032,,2,N,Y,,{2489BEDA-6393-41AB-A78A-ABDF7F6687E4},POINT (1646219.95856 12098877.8605),4431,10/4/2024
209,NPT,North Potrero,5127,P45438,Inland Valley-250,4,1316-F6,A,seu_gis_elec,00:00.0,00:00.0,bsingh,{68B99EA5-9B24-4DCC-96B5-21956DA069DE},0,32.629814,-116.585044,2523,,3,N,Y,,{FFAC3B77-2D75-47BD-8559-FC871BCEF85A},POINT (1768127.4654 11844891.3271),4431,10/4/2024
121,BVD,Boulevard West,1907,Z44284,Mountain-258,4,1300-D7,A,seu_gis_elec,00:00.0,45:23.0,kmsanche,{231B2680-72D1-47F4-8A6A-E479A0358E1E},0,32.66213,-116.28884,3642,,2,N,Y,,{2AAF3928-049D-4525-A982-26D1BEBBED4E},POINT (1859222.7068 11857075.0747),4431,10/4/2024
210,MTL,Mission Trails,5162,Z379539,Inland Valley-250,2,1230-D6,A,seu_gis_elec,00:00.0,53:16.0,jmorris1,{E320C93D-2BB0-4B36-A719-8C4A31F16AC3},0,32.842286,-117.056411,902,,2,N,Y,,{BCB42CA4-F42C-4117-9DA3-7C05C3A3805C},POINT (1623101.13965 11921923.81836),4431,10/4/2024
222,CMC,Cameron Corners,5112,P43358,Mountain-258,4,1317-G3,A,seu_gis_elec,00:00.0,00:00.0,crlynch,{DEC2444B-D1BD-4962-A603-F8CBDD663553},0,32.64741,-116.4969,2847,,3,N,Y,,{742DDA07-3DA4-460D-A6D5-99F446D8D731},POINT (1795232.38464 11851376.2131),4431,10/4/2024
52,VLC,Valley Center,1937,P114228,Inland Valley-250,3,1090-H1,A,seu_gis_elec,00:00.0,48:32.0,Esellers,{FA33FC6A-8AF9-4C1C-BC4D-997F0DDD4A94},0,33.235645,-117.007655,1449,,2,N,Y,,{B8A46F19-6F7E-4D22-9FBA-19F7B721ED9E},POINT (1638084.9427 12064977.8685),4431,10/4/2024
213,OTM,Otay Mountain,5129,P873731,Inland Valley-250,4,1333-C4,A,seu_gis_elec,00:00.0,14:24.0,gdorman,{7D9CC31E-124F-466E-8F81-D19A006B4A94},0,32.59927,-116.84341,3359,,3,N,Y,,{C1440D19-5DAF-47BE-B3F2-6098E6656245},POINT (1688634.26874 11833685.633),4431,10/4/2024
214,OGV,Oak Grove,1931,P233474,Mountain-258,3,1003,A,seu_gis_elec,00:00.0,16:59.0,gdorman,{EB4488EA-EE6B-4147-8931-3185041A8DF4},0,33.39177,-116.78812,2754,,2,N,Y,,{A453B5B3-04B2-4D7C-90A5-9822EA0DDCE3},POINT (1705040.5217 12121833.10657),4431,10/4/2024
215,CHH,Chihuahua Valley,5113,P218040,Mountain-258,3,1005,A,seu_gis_elec,00:00.0,40:59.0,gdorman,{85515E47-42A3-4691-9722-68D01AC112EF},0,33.386227,-116.660772,4365,,2,N,Y,,{A40CB2D8-96E9-47DC-BBFB-83F5A6FBDA23},POINT (1743931.7694 12119909.20715),4431,10/4/2024
216,ESC,Escondido,1962,Z12903,Inland Valley-250,3,1110-C3,A,seu_gis_elec,00:00.0,08:42.0,eaguila1,{7ED3C35C-BF33-464F-9166-20CEAC5C1FE2},0,33.171571,-117.051485,1438,,2,N,Y,,{B428584E-B39F-486E-9D4F-494834F08479},POINT (1624654.9505 12041681.9978),4431,10/4/2024
217,PMT,Paradise Mountain,5195,P619649,Inland Valley-250,3,1091-H5,A,jgonzal7,01:50.0,,,{81ED6F90-F610-43D3-9064-13C75D1A05C4},0,33.203193,-116.929684,2213,,3,N,Y,,{79B21235-BCA5-43A8-B200-F10089875E35},POINT (1661918.75195 12053157.51886),4431,10/4/2024
218,NOE,NORTH ESCONDIDO,4831,P315443,INLAND VALLEY-250,3,1109-J5,A,ad-AJRobert,26:27.0,27:37.0,ad-AJRobert,{2F211027-8AAC-4D5C-B6AA-151AEC8ADE62},0,33.154364,-117.083266,783,,1,N,N,,{FABF7BE3-E655-4892-BAFA-249BA3FA6A04},POINT (1614939.2846 12035314.9702),4431,10/4/2024
219,LHC,LOWER HELLHOLE CANYON,5196,P219329,INLAND VALLEY-250,3,1091-E3,A,vbiggs,50:55.0,07:05.0,jalamill,{A2F234DB-EEE0-46BA-A850-FFF1D1BE438F},0,33.220365,-116.959266,1848,,3,N,Y,,{52E14810-9DC9-4CDB-A0C5-CE802BF06F9B},POINT (1652868.0473 12059403.10803),4431,10/4/2024
220,EUC,Eucalyptus Hills,4805,Z201918,Inland Valley-250,4,1231-J1,A,kmsanche,40:53.0,45:17.0,CGwatney,{1EE2E4CB-CAA6-41FE-8681-EE0509D0BFDC},0,32.8753,-116.9317,751,,2,N,Y,,{2E6387A0-C2F9-4666-9598-0EC1E556C30E},POINT (1661407.21497 11933918.54175),4431,10/4/2024
221,OLV,Olivenhain,5128,Z181662,Inland Valley-250,3,1149-C1,A,seu_gis_elec,00:00.0,10:40.0,kmsanche,{2894CFC7-309E-4B33-884E-F52A075BA022},0,33.0801,-117.1296,1172,,2,N,Y,,{65F94C09-7D0E-4F69-9150-E1946F7A396E},POINT (1600733.4974 12008432.39307),4431,10/4/2024
146,HAU,Hauser Mountain,4828,Z972858,Mountain-258,4,1316-J1,A,calonzo,30:59.0,47:22.0,Esellers,{CB9E6A02-6B95-4D3D-ACD1-E8339A44327D},0,32.658194,-116.557345,3189,,3,N,Y,,{EFF383D5-266E-4B6D-A25B-C71D3B52247B},POINT (1776616.0495 11855234.4288),4431,10/4/2024
223,BOB,Bob Owens Canyon,4841,Z571472,Inland Valley-250,4,1295-A7,A,CLCosby,01:33.0,04:16.0,eboyle,{EAF360A9-6C03-41F2-8883-C98769E43636},0,32.673289,-116.701321,2671,,3,N,Y,,{9D545CF5-97C2-4EA1-A794-DEDCFD1D4437},POINT (1732301.64404 11860546.56055),4431,10/4/2024
224,MWG,MT. WOODSON GOLF CLUB,4827,P518334,INLAND VALLEY-250,3,1171-D3,A,KSTETS,34:32.0,07:52.0,AIrizar,{4DC9079E-EA86-4E91-A09C-90EC82E8BAFD},0,33.016832,-116.972033,1717,,3,N,Y,,{BCF2F0F6-C481-43A2-B237-DD05D83E0D13},POINT (1648988.038 11985389.44244),4431,10/4/2024
4,CGD,Cole Grade,1957,Z416193,Inland Valley-250,3,1070-G1,A,seu_gis_elec,00:00.0,33:36.0,gwalker,{1D8A764D-8BB5-4C1D-BEB5-6E2F8987AEF1},0,33.284635,-117.01553,1691,,2,N,Y,,{D0BC3059-6829-459B-AD6E-3446161600EF},POINT (1635642.92426 12082797.67706),4431,10/4/2024
159,CLM,Creelman,1996,Z104188,Inland Valley-250,3,1172-G2,A,seu_gis_elec,00:00.0,28:46.0,gwalker,{6E79AB33-9738-4FDF-B9D9-50600CA2C6E1},0,33.01566,-116.87089,1440,,2,N,Y,,{5FA1E82B-9378-4371-ADA0-8F7AC7F93B1B},POINT (1679946.7418 11984979.9787),4431,10/4/2024
